Index #,,Sequences,Lanes,RUVseq assignment
1,iMGL-T1,ATCACG,4;5;6;7;8,
2,iMGL-T2,CGATGT,4;5;6;7;8,
12,iMGL-T3,CTTGTA,4;5;6;7;8,
3,iMGL BDTO 1-T,TTAGGC,4;5;6;7;8,
4,iMGL BDTO 2-T,TGACCA,4;5;6;7;8,
13,iMGL BDTO 3-T,AGTCAA,4;5;6;7;8,
5,iMGL fAB 1-T,ACAGTG,4;5;6;7;8,
6,iMGL fAB 2-T,GCCAAT,4;5;6;7;8,
14,iMGL fAB 3-T,AGTTCC,4;5;6;7;8,
7,iMGL IL-1B 1-T,CAGATC,4;5;6;7;8,
8,iMGL IL-1B 2-T,ACTTGA,4;5;6;7;8,
15,iMGL IL-1B 3-T,ATGTCA,4;5;6;7;8,
9,iMGL LPS 1-T,GATCAG,4;5;6;7;8,
16,iMGL LPS 2-T,CCGTCC,4;5;6;7;8,
19,iMGL LPS 3-T,GTGAAA,4;5;6;7;8,
10,iMGL ASYN 1-T,TAGCTT,4;5;6;7;8,
22,iMGL ASYN 2-T,CGTACG,4;5;6;7;8,
23,iMGL ASYN 3-T,GAGTGG,4;5;6;7;8,
11,iMGL INFG 1-T,GGCTAC,4;5;6;7;8,
25,iMGL INFG 2-T,ACTGAT,4;5;6;7;8,
27,iMGL INFG 3-T,ATTCCT,4;5;6;7;8,
