Index #,,Sequences,Lanes,RUVseq assignment
1,12481 iMGL,ATCACG,1;2;3,M9_44
2,12455 BMEC,CGATGT,1;2;3,B1_33
3,10100 iMGL,TTAGGC,1;2;3,M5_33
4,iPS76 NEU,TGACCA,1;2;3,N7_33
5,12455 NEU,ACAGTG,1;2;3,N1_33
6,iPS76 AST,GCCAAT,1;2;3,A7_33
7,4009 HFA560,CAGATC,1;2;3,F1
8,4008 HFA588,ACTTGA,1;2;3,F2
9,iPS5 AST,GATCAG,1;2;3,A3_33
10,iPS22 AST,TAGCTT,1;2;3,A4_33
11,10104 IMGL 35DIV,GGCTAC,1;2;3,M2_33.2
12,12481 BMEC,CTTGTA,1;2;3,B9_44
14,10318 60DIV iASTRO,AGTTCC,1;2;3,iA3_60DIV
15,6921 45DIV iASTRO,ATGTCA,1;2;3,iA12_45DIV
16,6921 75DIV iASTRO,CCGTCC,1;2;3,iA12_75DIV
19,12455 iMGL,GTGAAA,1;2;3,M1_33
22,F12455 iMGL 35DIV,CGTACG,1;2;3,M1_33.2
27,CDI_44_TCW1,ATTCCT,1;2;3,C4T
1,12453 iMGL,ATCACG,4;5;6,M8_44
2,12453 iMGL_HPC_FT+FACS,CGATGT,4;5;6,M8_44.4
3,12453 iMGL_HPC_FT-FACS,TTAGGC,4;5;6,M8_44.5
4,iPS5 NEU,TGACCA,4;5;6,N3_33
6,4010 HFA562,GCCAAT,4;5;6,F3
7,10104 iMGL,CAGATC,4;5;6,M2_33
8,12455 AST,ACTTGA,4;5;6,A1_33
9,iPS23 AST,GATCAG,4;5;6,A13_44
10,12453 BMEC,TAGCTT,4;5;6,B8_44
11,12444 iMGL,GGCTAC,4;5;6,M10_44
12,iPS22 NEU,CTTGTA,4;5;6,N4_33
13,mtesr33n1_45DIV_DiffAR,AGTCAA,4;5;6,iA_WTHTT_45DIV
14,10318 75DIV iASTROS,AGTTCC,4;5;6,iA3_75DIV
15,6921 60DIV iASTROS,ATGTCA,4;5;6,iA12_60DIV
16,10104 45 DIV iASTROS,CCGTCC,4;5;6,iA2_45DIV
19,10104 iMGL_D35_FT,GTGAAA,4;5;6,M2_33.3
21,iPS6 NEU,GTTTCG,4;5;6,A11_44
27,CDI_22_TCW1,ATTCCT,4;5;6,C2T